[
  {
    "id": "b1daa085-8081-40e3-ac55-eb0d5e4fdadb",
    "pageId": "9e456116-6b6d-4b1d-96ea-1ee6ddfb661b",
    "productSku": "8635583",
    "label": "Hydroflector 398HKP-M Gloves, Men's, M, Keystone Thumb, Easy-On Cuff, Cowhide Leather, Tan",
    "linkUrl": "/shop/8635583",
    "x": 5.755395683453238,
    "y": 10.017920736770904,
    "width": 44.12470023980815,
    "height": 29.749103942652326,
    "zIndex": 0,
    "meta": null,
    "createdAt": "2025-11-28T07:13:58.840Z",
    "updatedAt": "2025-11-28T02:13:58.840Z"
  },
  {
    "id": "6533dbc4-9db4-4322-9343-2e4f1533ea52",
    "pageId": "9e456116-6b6d-4b1d-96ea-1ee6ddfb661b",
    "productSku": "8635542",
    "label": "Hydroflector 350HKP-M Gloves, Men's, M, Keystone Thumb, Knit Wrist Cuff, Cowhide Leather, Gold",
    "linkUrl": "/shop/8635542",
    "x": 51.07913669064749,
    "y": 10.10752681335668,
    "width": 40.28776978417266,
    "height": 30.734767025089603,
    "zIndex": 1,
    "meta": null,
    "createdAt": "2025-11-28T07:14:27.208Z",
    "updatedAt": "2025-11-28T02:14:27.208Z"
  },
  {
    "id": "98a17d0e-3827-40ad-995f-268aa89c165b",
    "pageId": "9e456116-6b6d-4b1d-96ea-1ee6ddfb661b",
    "productSku": "8635583",
    "label": "Hydroflector 398HKP-M Gloves, Men's, M, Keystone Thumb, Easy-On Cuff, Cowhide Leather, Tan",
    "linkUrl": "/shop/8635583",
    "x": 52.27817745803357,
    "y": 42.00717009951137,
    "width": 42.68585131894484,
    "height": 28.136200716845877,
    "zIndex": 2,
    "meta": null,
    "createdAt": "2025-11-28T07:21:53.591Z",
    "updatedAt": "2025-11-28T02:21:53.591Z"
  },
  {
    "id": "31533dee-c7c6-4f69-a614-47220e67d50b",
    "pageId": "9e456116-6b6d-4b1d-96ea-1ee6ddfb661b",
    "productSku": "8635450",
    "label": "KincoPro 2014HK-M Driver Gloves, Men's, M, Easy-On, Shirred Elastic Wrist Cuff, TPR Back, Brown",
    "linkUrl": "/shop/8635450",
    "x": 6.115107913669065,
    "y": 40.66308407800599,
    "width": 42.565947242206235,
    "height": 29.121863799283155,
    "zIndex": 3,
    "meta": null,
    "createdAt": "2025-11-28T08:35:39.535Z",
    "updatedAt": "2025-11-28T03:35:39.535Z"
  },
  {
    "id": "912f09d3-1611-4d50-81c0-f0aa72c492e8",
    "pageId": "9e456116-6b6d-4b1d-96ea-1ee6ddfb661b",
    "productSku": "8635500",
    "label": "KincoPro 3102HKP-L Safety Gloves, Men's, L, Wing Thumb, Easy-On Cuff, Polyester/Spandex Back, Black/Gold",
    "linkUrl": "/shop/8635500",
    "x": 6.235011990407674,
    "y": 70.6451634779626,
    "width": 42.565947242206235,
    "height": 29.39068100358423,
    "zIndex": 4,
    "meta": null,
    "createdAt": "2025-11-28T08:36:09.275Z",
    "updatedAt": "2025-11-28T03:36:09.275Z"
  },
  {
    "id": "b791d739-8255-4581-9384-91eef9edd59b",
    "pageId": "9e456116-6b6d-4b1d-96ea-1ee6ddfb661b",
    "productSku": "8635625",
    "label": "Kinco 903HK-XL Gloves, Men's, XL, Keystone Thumb, Easy-On Cuff, Deerskin Leather, Gold, Lined",
    "linkUrl": "/shop/8635625",
    "x": 53.71702637889688,
    "y": 70.48387424920195,
    "width": 41.726618705035975,
    "height": 27.688172043010752,
    "zIndex": 5,
    "meta": null,
    "createdAt": "2025-11-28T08:36:39.321Z",
    "updatedAt": "2025-11-28T03:36:39.321Z"
  },
  {
    "id": "0acc440e-393d-4b0e-a718-9f56f4ae4c5d",
    "pageId": "8b84a5e6-82bc-4dc1-9976-b02a7b738244",
    "productSku": "7691595",
    "label": "DEWALT DCD740C1 Drill/Driver Kit, Battery Included, 20 V, 3/8 in Chuck, Keyless, Ratcheting Chuck",
    "linkUrl": "/shop/7691595",
    "x": 10,
    "y": 10.000000511753687,
    "width": 90.0374531835206,
    "height": 21.46450531022918,
    "zIndex": 0,
    "meta": null,
    "createdAt": "2025-11-27T14:55:40.689Z",
    "updatedAt": "2025-11-27T09:55:40.689Z"
  },
  {
    "id": "2ce4ce57-d49d-48a0-b6bf-5f970b0cebf9",
    "pageId": "8b84a5e6-82bc-4dc1-9976-b02a7b738244",
    "productSku": "7675184",
    "label": "Bosch HD18-2 Hammer Drill, 8.5 A, Keyed Chuck, 1/2 in Chuck, 0 to 3200 rpm Speed",
    "linkUrl": "/shop/7675184",
    "x": 9.700374531835205,
    "y": 31.632198549103247,
    "width": 90.3370786516854,
    "height": 16.657350475125767,
    "zIndex": 1,
    "meta": null,
    "createdAt": "2025-11-27T14:57:17.662Z",
    "updatedAt": "2025-11-27T09:57:17.662Z"
  },
  {
    "id": "45014ae9-0cba-465b-8175-61f4376e2cf4",
    "pageId": "8b84a5e6-82bc-4dc1-9976-b02a7b738244",
    "productSku": "7853229",
    "label": "DEWALT DCD771C2 Drill/Driver Kit, Battery Included, 20 V, 1/2 in Chuck, Keyless Chuck",
    "linkUrl": "/shop/7853229",
    "x": 9.325842696629213,
    "y": 48.28954689192199,
    "width": 90.71161048689137,
    "height": 16.880939072107324,
    "zIndex": 2,
    "meta": null,
    "createdAt": "2025-11-27T14:58:16.623Z",
    "updatedAt": "2025-11-27T09:58:16.623Z"
  },
  {
    "id": "c9b7d00e-325f-461a-9499-d197347e1aa7",
    "pageId": "8b84a5e6-82bc-4dc1-9976-b02a7b738244",
    "productSku": "7863236",
    "label": "Skil 9206-02 Reciprocating Saw, 7.5 A, 180 mm Cutting Capacity, 1-1/8 in L Stroke, 800 to 2700 spm",
    "linkUrl": "/shop/7863236",
    "x": 8.260635204529494,
    "y": 65.44997682779311,
    "width": 92.73408239700375,
    "height": 13.415315818893237,
    "zIndex": 3,
    "meta": null,
    "createdAt": "2025-11-27T14:58:28.461Z",
    "updatedAt": "2025-11-27T09:58:28.461Z"
  },
  {
    "id": "6a21b79f-abe8-437b-a9e8-6284a38949ba",
    "pageId": "8b84a5e6-82bc-4dc1-9976-b02a7b738244",
    "productSku": "7805278",
    "label": "Makita MP100DWRX1 Inflator Kit, 12 V, 120 psi Pressure",
    "linkUrl": "/shop/7805278",
    "x": 7.153558052434457,
    "y": 79.38327949229668,
    "width": 92.88389513108615,
    "height": 14.868641699273338,
    "zIndex": 4,
    "meta": null,
    "createdAt": "2025-11-27T14:59:57.114Z",
    "updatedAt": "2025-11-27T09:59:57.114Z"
  },
  {
    "id": "378731f4-84fe-4194-8c21-0623dbcd02a0",
    "pageId": "0bb83f64-df4e-4e96-9e4d-96a332e2dca6",
    "productSku": null,
    "label": null,
    "linkUrl": null,
    "x": 10,
    "y": 10,
    "width": 20,
    "height": 15,
    "zIndex": 0,
    "meta": null,
    "createdAt": "2025-11-27T21:57:49.201Z",
    "updatedAt": "2025-11-27T16:57:49.201Z"
  },
  {
    "id": "daf9c166-ce8b-49f1-9eeb-758f3a37de42",
    "pageId": "fb9a921b-7f9d-4373-8d3c-0619a6819f8f",
    "productSku": "8394389",
    "label": "Troy-Bilt High Lift 490-110-M143 2-in-1 Standard Blade Set, 18.67 in L",
    "linkUrl": "/shop/8394389",
    "x": 10.071942446043165,
    "y": 23.512544939594886,
    "width": 19.18465227817746,
    "height": 56.89964089342343,
    "zIndex": 0,
    "meta": null,
    "createdAt": "2025-11-28T06:37:30.161Z",
    "updatedAt": "2025-11-28T01:37:30.161Z"
  },
  {
    "id": "b045825e-e339-43ca-b5ec-c255c17c9c42",
    "pageId": "fb9a921b-7f9d-4373-8d3c-0619a6819f8f",
    "productSku": "8394397",
    "label": "Troy-Bilt High Lift 490-110-M155 2-in-1 Standard Blade Set, 17.3 in L",
    "linkUrl": "/shop/8394397",
    "x": 31.654676258992804,
    "y": 23.333333299151455,
    "width": 32.014388489208635,
    "height": 57.25806673795092,
    "zIndex": 1,
    "meta": null,
    "createdAt": "2025-11-28T06:37:30.161Z",
    "updatedAt": "2025-11-28T01:37:30.161Z"
  },
  {
    "id": "f8e1957d-2230-406c-b645-6da4198a5b07",
    "pageId": "fb9a921b-7f9d-4373-8d3c-0619a6819f8f",
    "productSku": "8394371",
    "label": "Arnold 490-110-M126 High-Lift Blade Set, 17-1/4 in L, For: 50 in Zero Turn Garden Tractors",
    "linkUrl": "/shop/8394371",
    "x": 66.30695443645084,
    "y": 23.51254476868551,
    "width": 25.77937649880096,
    "height": 57.34767247271794,
    "zIndex": 2,
    "meta": null,
    "createdAt": "2025-11-28T06:37:30.161Z",
    "updatedAt": "2025-11-28T01:37:30.161Z"
  },
  {
    "id": "da263562-fed3-46f5-8fec-f613beb0b2a7",
    "pageId": "f5a12806-a99c-4764-a134-91c6adab1cd5",
    "productSku": "4218590",
    "label": "Wiremold NM910 Raceway Accessory Pack, Non-Metallic, Plastic, Ivory",
    "linkUrl": "/shop/4218590",
    "x": 2.5179856115107913,
    "y": 21.308243659234815,
    "width": 46.882494004796165,
    "height": 35.483870967741936,
    "zIndex": 0,
    "meta": null,
    "createdAt": "2025-11-28T08:41:27.996Z",
    "updatedAt": "2025-11-28T03:41:27.996Z"
  },
  {
    "id": "920dae27-50ca-4905-a8bb-2be962394099",
    "pageId": "f5a12806-a99c-4764-a134-91c6adab1cd5",
    "productSku": "4218574",
    "label": "Wiremold NM8 Raceway Outside Elbow, Non-Metallic, Plastic, Ivory",
    "linkUrl": "/shop/4218574",
    "x": 50.59952038369304,
    "y": 21.39784939400184,
    "width": 47.24220623501199,
    "height": 35.39426523297491,
    "zIndex": 1,
    "meta": null,
    "createdAt": "2025-11-28T08:41:49.417Z",
    "updatedAt": "2025-11-28T03:41:49.417Z"
  },
  {
    "id": "56846a5f-e83c-40f3-afac-0936410ceedf",
    "pageId": "f5a12806-a99c-4764-a134-91c6adab1cd5",
    "productSku": "4218632",
    "label": "Wiremold NM11 Raceway T-Fitting, Plastic, Ivory",
    "linkUrl": "/shop/4218632",
    "x": 3.357314148681055,
    "y": 60.96774138857387,
    "width": 46.52278177458034,
    "height": 36.29032258064516,
    "zIndex": 2,
    "meta": null,
    "createdAt": "2025-11-28T08:42:40.395Z",
    "updatedAt": "2025-11-28T03:42:40.395Z"
  },
  {
    "id": "164fc544-c4f4-4cc1-8947-e128d9ca899f",
    "pageId": "f5a12806-a99c-4764-a134-91c6adab1cd5",
    "productSku": "4218509",
    "label": "Wiremold NM7 Raceway Inside Elbow, Non-Metallic, Plastic, Ivory",
    "linkUrl": "/shop/4218509",
    "x": 51.199040767386094,
    "y": 61.23655859287494,
    "width": 45.32374100719424,
    "height": 35.483870967741936,
    "zIndex": 3,
    "meta": null,
    "createdAt": "2025-11-28T08:42:40.395Z",
    "updatedAt": "2025-11-28T03:42:40.395Z"
  },
  {
    "id": "07e28546-54ad-4877-b0a9-1693f91c5958",
    "pageId": "0ac4103b-955f-4b53-8be3-e18aa2c068c6",
    "productSku": "6247613",
    "label": "Master Flow SSB960A Roof Louver, 18 in L, 20-1/2 in W, Aluminum, Mill",
    "linkUrl": "/shop/6247613",
    "x": 3.357314148681055,
    "y": 11.272401365328006,
    "width": 46.882494004796165,
    "height": 22.939068100358423,
    "zIndex": 0,
    "meta": null,
    "createdAt": "2025-11-28T08:43:09.139Z",
    "updatedAt": "2025-11-28T03:43:09.139Z"
  },
  {
    "id": "a21b512f-c7a0-458d-b564-023479f38efb",
    "pageId": "0ac4103b-955f-4b53-8be3-e18aa2c068c6",
    "productSku": "6247670",
    "label": "Master Flow RT65G Roof Louver, 18-1/2 in L, 18 in W, Resin, Gray",
    "linkUrl": "/shop/6247670",
    "x": 51.55875299760192,
    "y": 11.451612834862056,
    "width": 47.00239808153477,
    "height": 22.401433691756274,
    "zIndex": 1,
    "meta": null,
    "createdAt": "2025-11-28T08:46:20.047Z",
    "updatedAt": "2025-11-28T03:46:20.047Z"
  },
  {
    "id": "9cc542b4-0655-40fc-bfff-ac934f31c35a",
    "pageId": "0ac4103b-955f-4b53-8be3-e18aa2c068c6",
    "productSku": "6247688",
    "label": "Master Flow RT65BR Roof Louver, 18-1/2 in L, 18 in W, Resin, Brown",
    "linkUrl": "/shop/6247688",
    "x": 3.357314148681055,
    "y": 35.01792107858965,
    "width": 48.08153477218225,
    "height": 20.340501792114697,
    "zIndex": 2,
    "meta": null,
    "createdAt": "2025-11-28T08:46:20.047Z",
    "updatedAt": "2025-11-28T03:46:20.047Z"
  },
  {
    "id": "89b01d3f-c12d-4de7-b242-dd3922cc8f07",
    "pageId": "0ac4103b-955f-4b53-8be3-e18aa2c068c6",
    "productSku": "6247670",
    "label": "Master Flow RT65G Roof Louver, 18-1/2 in L, 18 in W, Resin, Gray",
    "linkUrl": "/shop/6247670",
    "x": 52.757793764988016,
    "y": 34.65949813952155,
    "width": 42.326139088729015,
    "height": 20.25089605734767,
    "zIndex": 3,
    "meta": null,
    "createdAt": "2025-11-28T08:46:20.047Z",
    "updatedAt": "2025-11-28T03:46:20.047Z"
  },
  {
    "id": "31637391-ddb5-4f58-975f-dfe46c3e0b6f",
    "pageId": "0ac4103b-955f-4b53-8be3-e18aa2c068c6",
    "productSku": "6247647",
    "label": "Master Flow SSB960AWW Roof Louver, 18 in L, 20-1/2 in W, Aluminum, Weathered Wood",
    "linkUrl": "/shop/6247647",
    "x": 4.316546762589928,
    "y": 56.12903444570453,
    "width": 45.08393285371702,
    "height": 21.057347670250895,
    "zIndex": 4,
    "meta": null,
    "createdAt": "2025-11-28T08:46:20.047Z",
    "updatedAt": "2025-11-28T03:46:20.047Z"
  },
  {
    "id": "59174578-fa17-46ee-b8a7-652f5e9f2f45",
    "pageId": "0ac4103b-955f-4b53-8be3-e18aa2c068c6",
    "productSku": "6247654",
    "label": "Master Flow SSB960AW Louver, 18 in L, 20-1/2 in W, Aluminum, White, Roof Installation",
    "linkUrl": "/shop/6247654",
    "x": 52.27817745803357,
    "y": 56.666666119756655,
    "width": 43.16546762589928,
    "height": 19.982078853046595,
    "zIndex": 5,
    "meta": null,
    "createdAt": "2025-11-28T08:46:20.047Z",
    "updatedAt": "2025-11-28T03:46:20.047Z"
  },
  {
    "id": "c74404a9-c900-43d8-85ab-a90b9c833662",
    "pageId": "0ac4103b-955f-4b53-8be3-e18aa2c068c6",
    "productSku": "6247688",
    "label": "Master Flow RT65BR Roof Louver, 18-1/2 in L, 18 in W, Resin, Brown",
    "linkUrl": "/shop/6247688",
    "x": 4.07673860911271,
    "y": 77.99283372885864,
    "width": 44.60431654676259,
    "height": 21.32616487455197,
    "zIndex": 6,
    "meta": null,
    "createdAt": "2025-11-28T08:46:20.047Z",
    "updatedAt": "2025-11-28T03:46:20.047Z"
  },
  {
    "id": "8c9156f8-4f33-4171-a022-49ed86b07ea9",
    "pageId": "0ac4103b-955f-4b53-8be3-e18aa2c068c6",
    "productSku": "6247688",
    "label": "Master Flow RT65BR Roof Louver, 18-1/2 in L, 18 in W, Resin, Brown",
    "linkUrl": "/shop/6247688",
    "x": 50.35971223021583,
    "y": 78.08243946362568,
    "width": 47.122302158273385,
    "height": 21.863799283154123,
    "zIndex": 7,
    "meta": null,
    "createdAt": "2025-11-28T08:46:20.047Z",
    "updatedAt": "2025-11-28T03:46:20.047Z"
  },
  {
    "id": "108037ad-8e1d-4ddf-98fe-37c2bf91275a",
    "pageId": "02814f35-4222-4187-bea5-becf8fe2b799",
    "productSku": "2018257",
    "label": "STAIN&SEALER SOLID WHT BASE 1G",
    "linkUrl": "/shop/2018257",
    "x": 29.25659472422063,
    "y": 27.992831507036765,
    "width": 20.863309352517987,
    "height": 32.70609318996416,
    "zIndex": 1,
    "meta": null,
    "createdAt": "2025-11-28T08:52:30.069Z",
    "updatedAt": "2025-11-28T03:52:30.069Z"
  },
  {
    "id": "692efe10-dd42-475b-bff1-219733af21c7",
    "pageId": "02814f35-4222-4187-bea5-becf8fe2b799",
    "productSku": "2018224",
    "label": "STN&SEALER SM-TRNSP NEUT BS 5G",
    "linkUrl": "/shop/2018224",
    "x": 36.810551558753,
    "y": 62.043010205778174,
    "width": 28.41726618705036,
    "height": 34.13978494623656,
    "zIndex": 1,
    "meta": null,
    "createdAt": "2025-11-28T08:52:30.069Z",
    "updatedAt": "2025-11-28T03:52:30.069Z"
  },
  {
    "id": "278ce541-d82c-465b-bb22-3ff2ca08802e",
    "pageId": "1fe196e5-c4eb-4690-b5e7-6732f13f490d",
    "productSku": "7691595",
    "label": "DEWALT DCD740C1 Drill/Driver Kit, Battery Included, 20 V, 3/8 in Chuck, Keyless, Ratcheting Chuck",
    "linkUrl": "/shop/7691595",
    "x": 8.15347721822542,
    "y": 14.283153574953797,
    "width": 28.65707434052758,
    "height": 16.666666666666664,
    "zIndex": 0,
    "meta": null,
    "createdAt": "2025-11-28T06:49:07.391Z",
    "updatedAt": "2025-11-28T01:49:07.391Z"
  },
  {
    "id": "5165f8e9-7a37-423d-908e-26446af0469f",
    "pageId": "1fe196e5-c4eb-4690-b5e7-6732f13f490d",
    "productSku": "7863236",
    "label": "Skil 9206-02 Reciprocating Saw, 7.5 A, 180 mm Cutting Capacity, 1-1/8 in L Stroke, 800 to 2700 spm",
    "linkUrl": "/shop/7863236",
    "x": 9.59232613908873,
    "y": 64.76702536306074,
    "width": 32.25419664268585,
    "height": 12.455197132616487,
    "zIndex": 1,
    "meta": null,
    "createdAt": "2025-11-28T06:51:22.590Z",
    "updatedAt": "2025-11-28T01:51:22.590Z"
  },
  {
    "id": "3ef557e6-c7f2-4655-92d9-bb6149a912ce",
    "pageId": "1fe196e5-c4eb-4690-b5e7-6732f13f490d",
    "productSku": "7675184",
    "label": "Bosch HD18-2 Hammer Drill, 8.5 A, Keyed Chuck, 1/2 in Chuck, 0 to 3200 rpm Speed",
    "linkUrl": "/shop/7675184",
    "x": 8.273381294964029,
    "y": 32.68817231646575,
    "width": 29.136690647482016,
    "height": 14.78494623655914,
    "zIndex": 2,
    "meta": null,
    "createdAt": "2025-11-28T06:58:47.956Z",
    "updatedAt": "2025-11-28T01:58:47.956Z"
  },
  {
    "id": "6e8b28ef-de80-4c30-848c-946a2ff9e0a8",
    "pageId": "1fe196e5-c4eb-4690-b5e7-6732f13f490d",
    "productSku": "7853229",
    "label": "DEWALT DCD771C2 Drill/Driver Kit, Battery Included, 20 V, 1/2 in Chuck, Keyless Chuck",
    "linkUrl": "/shop/7853229",
    "x": 9.712230215827338,
    "y": 79.19354729327677,
    "width": 33.21342925659472,
    "height": 15.412186379928317,
    "zIndex": 3,
    "meta": null,
    "createdAt": "2025-11-28T07:04:24.308Z",
    "updatedAt": "2025-11-28T02:04:24.308Z"
  },
  {
    "id": "7eadb0aa-2363-4d33-b283-5f2522639f4f",
    "pageId": "1fe196e5-c4eb-4690-b5e7-6732f13f490d",
    "productSku": "7853229",
    "label": "DEWALT DCD771C2 Drill/Driver Kit, Battery Included, 20 V, 1/2 in Chuck, Keyless Chuck",
    "linkUrl": "/shop/7853229",
    "x": 8.633093525179856,
    "y": 48.36917726797015,
    "width": 32.014388489208635,
    "height": 14.96415770609319,
    "zIndex": 4,
    "meta": null,
    "createdAt": "2025-11-28T08:17:27.889Z",
    "updatedAt": "2025-11-28T03:17:27.889Z"
  },
  {
    "id": "ea6f2e24-2a82-42bf-968f-3ce2e98ba111",
    "pageId": "1fe196e5-c4eb-4690-b5e7-6732f13f490d",
    "productSku": "7691595",
    "label": "DEWALT DCD740C1 Drill/Driver Kit, Battery Included, 20 V, 3/8 in Chuck, Keyless, Ratcheting Chuck",
    "linkUrl": "/shop/7691595",
    "x": 8.15347721822542,
    "y": 14.283153574953797,
    "width": 28.65707434052758,
    "height": 16.666666666666664,
    "zIndex": 0,
    "meta": null,
    "createdAt": "2025-11-28T06:49:07.391Z",
    "updatedAt": "2025-11-28T01:49:07.391Z"
  },
  {
    "id": "56a9a2a4-007c-4b97-80f6-8008b4832bc9",
    "pageId": "1fe196e5-c4eb-4690-b5e7-6732f13f490d",
    "productSku": "7863236",
    "label": "Skil 9206-02 Reciprocating Saw, 7.5 A, 180 mm Cutting Capacity, 1-1/8 in L Stroke, 800 to 2700 spm",
    "linkUrl": "/shop/7863236",
    "x": 9.59232613908873,
    "y": 64.76702536306074,
    "width": 32.25419664268585,
    "height": 12.455197132616487,
    "zIndex": 1,
    "meta": null,
    "createdAt": "2025-11-28T06:51:22.590Z",
    "updatedAt": "2025-11-28T01:51:22.590Z"
  },
  {
    "id": "55809a0d-9d68-477c-a64e-378debefc2d6",
    "pageId": "1fe196e5-c4eb-4690-b5e7-6732f13f490d",
    "productSku": "7675184",
    "label": "Bosch HD18-2 Hammer Drill, 8.5 A, Keyed Chuck, 1/2 in Chuck, 0 to 3200 rpm Speed",
    "linkUrl": "/shop/7675184",
    "x": 8.273381294964029,
    "y": 32.68817231646575,
    "width": 29.136690647482016,
    "height": 14.78494623655914,
    "zIndex": 2,
    "meta": null,
    "createdAt": "2025-11-28T06:58:47.956Z",
    "updatedAt": "2025-11-28T01:58:47.956Z"
  },
  {
    "id": "2482b04f-3bcd-4fa9-930d-4b6402096435",
    "pageId": "1fe196e5-c4eb-4690-b5e7-6732f13f490d",
    "productSku": "7853229",
    "label": "DEWALT DCD771C2 Drill/Driver Kit, Battery Included, 20 V, 1/2 in Chuck, Keyless Chuck",
    "linkUrl": "/shop/7853229",
    "x": 9.712230215827338,
    "y": 79.19354729327677,
    "width": 33.21342925659472,
    "height": 15.412186379928317,
    "zIndex": 3,
    "meta": null,
    "createdAt": "2025-11-28T07:04:24.308Z",
    "updatedAt": "2025-11-28T02:04:24.308Z"
  },
  {
    "id": "433685cb-53c5-4447-8599-f33d12563343",
    "pageId": "1fe196e5-c4eb-4690-b5e7-6732f13f490d",
    "productSku": "7853229",
    "label": "DEWALT DCD771C2 Drill/Driver Kit, Battery Included, 20 V, 1/2 in Chuck, Keyless Chuck",
    "linkUrl": "/shop/7853229",
    "x": 8.633093525179856,
    "y": 48.36917726797015,
    "width": 32.014388489208635,
    "height": 14.96415770609319,
    "zIndex": 4,
    "meta": null,
    "createdAt": "2025-11-28T08:17:27.889Z",
    "updatedAt": "2025-11-28T03:17:27.889Z"
  },
  {
    "id": "d32940f7-1bea-4af6-a77f-c80212f64719",
    "pageId": "1fe196e5-c4eb-4690-b5e7-6732f13f490d",
    "productSku": "7691595",
    "label": "DEWALT DCD740C1 Drill/Driver Kit, Battery Included, 20 V, 3/8 in Chuck, Keyless, Ratcheting Chuck",
    "linkUrl": "/shop/7691595",
    "x": 8.15347721822542,
    "y": 14.283153574953797,
    "width": 28.65707434052758,
    "height": 16.666666666666664,
    "zIndex": 0,
    "meta": null,
    "createdAt": "2025-11-28T06:49:07.391Z",
    "updatedAt": "2025-11-28T01:49:07.391Z"
  },
  {
    "id": "22592bf4-f12f-4bc7-a4e9-109a4dbc93a4",
    "pageId": "1fe196e5-c4eb-4690-b5e7-6732f13f490d",
    "productSku": "7863236",
    "label": "Skil 9206-02 Reciprocating Saw, 7.5 A, 180 mm Cutting Capacity, 1-1/8 in L Stroke, 800 to 2700 spm",
    "linkUrl": "/shop/7863236",
    "x": 9.59232613908873,
    "y": 64.76702536306074,
    "width": 32.25419664268585,
    "height": 12.455197132616487,
    "zIndex": 1,
    "meta": null,
    "createdAt": "2025-11-28T06:51:22.590Z",
    "updatedAt": "2025-11-28T01:51:22.590Z"
  },
  {
    "id": "063fe70d-6f8c-4dd8-b422-ed263295eb6a",
    "pageId": "1fe196e5-c4eb-4690-b5e7-6732f13f490d",
    "productSku": "7675184",
    "label": "Bosch HD18-2 Hammer Drill, 8.5 A, Keyed Chuck, 1/2 in Chuck, 0 to 3200 rpm Speed",
    "linkUrl": "/shop/7675184",
    "x": 8.273381294964029,
    "y": 32.68817231646575,
    "width": 29.136690647482016,
    "height": 14.78494623655914,
    "zIndex": 2,
    "meta": null,
    "createdAt": "2025-11-28T06:58:47.956Z",
    "updatedAt": "2025-11-28T01:58:47.956Z"
  },
  {
    "id": "84987e38-dc5b-4b4c-a323-64d23068a507",
    "pageId": "1fe196e5-c4eb-4690-b5e7-6732f13f490d",
    "productSku": "7853229",
    "label": "DEWALT DCD771C2 Drill/Driver Kit, Battery Included, 20 V, 1/2 in Chuck, Keyless Chuck",
    "linkUrl": "/shop/7853229",
    "x": 9.712230215827338,
    "y": 79.19354729327677,
    "width": 33.21342925659472,
    "height": 15.412186379928317,
    "zIndex": 3,
    "meta": null,
    "createdAt": "2025-11-28T07:04:24.308Z",
    "updatedAt": "2025-11-28T02:04:24.308Z"
  },
  {
    "id": "8b9aaaaa-3b09-4c2f-8747-4de8d9f74e1e",
    "pageId": "1fe196e5-c4eb-4690-b5e7-6732f13f490d",
    "productSku": "7853229",
    "label": "DEWALT DCD771C2 Drill/Driver Kit, Battery Included, 20 V, 1/2 in Chuck, Keyless Chuck",
    "linkUrl": "/shop/7853229",
    "x": 8.633093525179856,
    "y": 48.36917726797015,
    "width": 32.014388489208635,
    "height": 14.96415770609319,
    "zIndex": 4,
    "meta": null,
    "createdAt": "2025-11-28T08:17:27.889Z",
    "updatedAt": "2025-11-28T03:17:27.889Z"
  },
  {
    "id": "f4e8fdf5-8929-42a3-b612-b2319d2d4d40",
    "pageId": "1fe196e5-c4eb-4690-b5e7-6732f13f490d",
    "productSku": "7691595",
    "label": "DEWALT DCD740C1 Drill/Driver Kit, Battery Included, 20 V, 3/8 in Chuck, Keyless, Ratcheting Chuck",
    "linkUrl": "/shop/7691595",
    "x": 8.15347721822542,
    "y": 14.283153574953797,
    "width": 28.65707434052758,
    "height": 16.666666666666664,
    "zIndex": 0,
    "meta": null,
    "createdAt": "2025-11-28T06:49:07.391Z",
    "updatedAt": "2025-11-28T01:49:07.391Z"
  },
  {
    "id": "0ab548ba-15a2-4c4a-abc4-a0531c8f6beb",
    "pageId": "1fe196e5-c4eb-4690-b5e7-6732f13f490d",
    "productSku": "7863236",
    "label": "Skil 9206-02 Reciprocating Saw, 7.5 A, 180 mm Cutting Capacity, 1-1/8 in L Stroke, 800 to 2700 spm",
    "linkUrl": "/shop/7863236",
    "x": 9.59232613908873,
    "y": 64.76702536306074,
    "width": 32.25419664268585,
    "height": 12.455197132616487,
    "zIndex": 1,
    "meta": null,
    "createdAt": "2025-11-28T06:51:22.590Z",
    "updatedAt": "2025-11-28T01:51:22.590Z"
  },
  {
    "id": "906abcfa-e68f-417d-bd58-dfeb32789958",
    "pageId": "1fe196e5-c4eb-4690-b5e7-6732f13f490d",
    "productSku": "7675184",
    "label": "Bosch HD18-2 Hammer Drill, 8.5 A, Keyed Chuck, 1/2 in Chuck, 0 to 3200 rpm Speed",
    "linkUrl": "/shop/7675184",
    "x": 8.273381294964029,
    "y": 32.68817231646575,
    "width": 29.136690647482016,
    "height": 14.78494623655914,
    "zIndex": 2,
    "meta": null,
    "createdAt": "2025-11-28T06:58:47.956Z",
    "updatedAt": "2025-11-28T01:58:47.956Z"
  },
  {
    "id": "e4f10bd7-dad7-4840-b198-f779c6c2b465",
    "pageId": "1fe196e5-c4eb-4690-b5e7-6732f13f490d",
    "productSku": "7853229",
    "label": "DEWALT DCD771C2 Drill/Driver Kit, Battery Included, 20 V, 1/2 in Chuck, Keyless Chuck",
    "linkUrl": "/shop/7853229",
    "x": 9.712230215827338,
    "y": 79.19354729327677,
    "width": 33.21342925659472,
    "height": 15.412186379928317,
    "zIndex": 3,
    "meta": null,
    "createdAt": "2025-11-28T07:04:24.308Z",
    "updatedAt": "2025-11-28T02:04:24.308Z"
  },
  {
    "id": "891cc9dc-4310-4351-821d-dc0cb783d85a",
    "pageId": "1fe196e5-c4eb-4690-b5e7-6732f13f490d",
    "productSku": "7853229",
    "label": "DEWALT DCD771C2 Drill/Driver Kit, Battery Included, 20 V, 1/2 in Chuck, Keyless Chuck",
    "linkUrl": "/shop/7853229",
    "x": 8.633093525179856,
    "y": 48.36917726797015,
    "width": 32.014388489208635,
    "height": 14.96415770609319,
    "zIndex": 4,
    "meta": null,
    "createdAt": "2025-11-28T08:17:27.889Z",
    "updatedAt": "2025-11-28T03:17:27.889Z"
  },
  {
    "id": "b162ded0-d6a3-4ced-a629-781448bcce3a",
    "pageId": "1fe196e5-c4eb-4690-b5e7-6732f13f490d",
    "productSku": "7691595",
    "label": "DEWALT DCD740C1 Drill/Driver Kit, Battery Included, 20 V, 3/8 in Chuck, Keyless, Ratcheting Chuck",
    "linkUrl": "/shop/7691595",
    "x": 8.15347721822542,
    "y": 14.283153574953797,
    "width": 28.65707434052758,
    "height": 16.666666666666664,
    "zIndex": 0,
    "meta": null,
    "createdAt": "2025-11-28T06:49:07.391Z",
    "updatedAt": "2025-11-28T01:49:07.391Z"
  },
  {
    "id": "186faa41-9aa4-412b-a68c-a4f0266b7fe3",
    "pageId": "1fe196e5-c4eb-4690-b5e7-6732f13f490d",
    "productSku": "7863236",
    "label": "Skil 9206-02 Reciprocating Saw, 7.5 A, 180 mm Cutting Capacity, 1-1/8 in L Stroke, 800 to 2700 spm",
    "linkUrl": "/shop/7863236",
    "x": 9.59232613908873,
    "y": 64.76702536306074,
    "width": 32.25419664268585,
    "height": 12.455197132616487,
    "zIndex": 1,
    "meta": null,
    "createdAt": "2025-11-28T06:51:22.590Z",
    "updatedAt": "2025-11-28T01:51:22.590Z"
  },
  {
    "id": "17776a7f-f648-4331-a151-92bc1f58dec3",
    "pageId": "1fe196e5-c4eb-4690-b5e7-6732f13f490d",
    "productSku": "7675184",
    "label": "Bosch HD18-2 Hammer Drill, 8.5 A, Keyed Chuck, 1/2 in Chuck, 0 to 3200 rpm Speed",
    "linkUrl": "/shop/7675184",
    "x": 8.273381294964029,
    "y": 32.68817231646575,
    "width": 29.136690647482016,
    "height": 14.78494623655914,
    "zIndex": 2,
    "meta": null,
    "createdAt": "2025-11-28T06:58:47.956Z",
    "updatedAt": "2025-11-28T01:58:47.956Z"
  },
  {
    "id": "6a2f7462-c4bd-442e-b8dc-60f0ce44f9e1",
    "pageId": "1fe196e5-c4eb-4690-b5e7-6732f13f490d",
    "productSku": "7853229",
    "label": "DEWALT DCD771C2 Drill/Driver Kit, Battery Included, 20 V, 1/2 in Chuck, Keyless Chuck",
    "linkUrl": "/shop/7853229",
    "x": 9.712230215827338,
    "y": 79.19354729327677,
    "width": 33.21342925659472,
    "height": 15.412186379928317,
    "zIndex": 3,
    "meta": null,
    "createdAt": "2025-11-28T07:04:24.308Z",
    "updatedAt": "2025-11-28T02:04:24.308Z"
  },
  {
    "id": "2d3ab238-6cf1-4b91-84a5-11e90eaee7a1",
    "pageId": "1fe196e5-c4eb-4690-b5e7-6732f13f490d",
    "productSku": "7853229",
    "label": "DEWALT DCD771C2 Drill/Driver Kit, Battery Included, 20 V, 1/2 in Chuck, Keyless Chuck",
    "linkUrl": "/shop/7853229",
    "x": 8.633093525179856,
    "y": 48.36917726797015,
    "width": 32.014388489208635,
    "height": 14.96415770609319,
    "zIndex": 4,
    "meta": null,
    "createdAt": "2025-11-28T08:17:27.889Z",
    "updatedAt": "2025-11-28T03:17:27.889Z"
  }
]